﻿Car,MPG,Horsepower,EngineSize
Buick Estate Wagon,16.9,155,350
Ford Country Squire Wagon,15.5,142,351
Chevy Malibu Wagon,19.2,125,267
Chrysler LeBaron Wagon,18.5,150,360
Chevette,30,68,98
Toyota Corona,27.5,95,134
Datsun 510,27.2,97,119
Dodge Omni,30.9,75,105
Audi 5000,20.3,103,131
Volvo 240 GL,17,125,163
Saab 99 GLE,21.6,115,121
Peugeot 694 SL,16.2,133,163
Buick Century Special,20.6,105,231
Mercury Zephyr,20.8,85,200
Dodge Aspen,18.6,110,225
AMC Concord D/L,18.1,120,258
Chevy Caprice Classic,17,130,305
Ford LTD,17.6,129,302
Mercury Grand Marquis,16.5,138,351
Dodge St Regis,18.2,135,318
Ford Mustang 4,26.5,88,140
Ford Mustang Ghia,21.9,109,171
Mazda GLC,34.1,65,86
Dodge Colt,35.1,80,98
AMC Spirit,27.4,80,121
VW Scirocco,31.5,71,89
Honda Accord LX,29.5,68,98
Buick Skylark,28.4,90,151
Chevy Citation,28.8,115,173
Olds Omega,26.8,115,173
Pontiac Phoenix,33.5,90,151
Plymouth Horizon,34.2,70,105
Datsun 210,31.8,65,85
Fiat Strada,37.3,69,91
VW Dasher,30.5,78,97
Datsun 810,22,97,146
BMW 320i,21.5,110,121
VW Rabbit,31.9,71,89