abv,ibu,id,name
0.056,4,1350,Summer Solstice
0.056,4,753,Summer Solstice Cerveza Crema (2009)
0.056,4,77,Summer Solstice (2011)
0.092,5,704,Devils Tramping Ground Tripel
0.044,5,2520,Yo Soy Un Berliner
0.05,5,1604,Chickawawa Lemonale
0.044,5,2370,18th Anniversary Gose
0.04,5,1312,Westbrook Gose
0.069,6,523,Winter Solstice
0.045,6,2375,Mr. Blue Sky
0.034,6,1417,Weiss Trash Culture
0.053,7,1144,Samuel Adams Summer Ale
0.051,7,128,O'Fallon Wheach
0.032,7,2266,Rad
0.052,7,1225,Point Nude Beach Summer Wheat
0.05,7,816,Point Nude Beach Summer Wheat
0.05,7,772,Point Nude Beach Summer Wheat (2011)
0.05,7,141,Point Nude Beach Summer Wheat (2010)
0.045,8,534,Dirty Blonde Ale
0.05,8,1897,Black Market Hefeweizen
0.045,8,1830,Porch Rocker
0.065,8,2018,Ale Cider
0.04,8,574,Blackbeary Wheat
0.046,8,2584,Gose
0.043,8,2530,Daft Funk
0.041,8,2233,American Lager
0.041,8,2232,American Amber
0.042,9,1522,Agave Wheat
0.039,9,1941,Monkey Chased the Weasel
0.042,9,1585,Four Peaks Peach Ale
0.04,9,781,Choc Beer (2003)
0.048,9,1397,Two-One Niner
0.047,9,2366,Point Special (Current)
0.047,9,2365,Point Special
0.047,9,2228,Point Special
0.052,9,2151,Onyx Black Ale
0.047,9,2122,Point Special (2013)
0.047,9,2121,Point Special (2012)
0.047,9,2115,Point Special Lager
0.047,9,138,Point Special Lager
0.052,10,1172,Mo's Gose
0.056,10,108,White Rascal
0.05,10,2435,Watermelon Ale
0.049,10,1927,Beach Blonde
0.057,10,2379,Blood Orange Honey
0.042,10,2522,Rye Wit
0.055,10,865,Widespread Wit
0.048,10,610,UFO White
0.05,10,1555,Sweet Yamma Jamma Ale
0.057,10,1666,King Street Hefeweizen
0.053,10,421,Mustang Golden Ale
0.037,10,2345,Gansett Light
0.048,10,1147,EOS Hefeweizen
0.055,10,2633,Hotbox Brown
0.05,10,1241,Cotton Mouth
0.05,10,2310,PUNK'N
0.042,10,2506,Old Pro
0.045,10,619,Wachusett Blueberry Ale
0.035,11,2545,Passion Fruit Prussia
0.046,11,2438,Rhode Island Blueberry
0.053,11,1263,El Hefe Speaks
0.07,11,2587,Vanilla Porter
0.065,11,760,Cold Smoke Scotch Ale (2007)
0.065,11,85,Cold Smoke Scotch Ale
0.048,11,2459,Blackberry Wheat
0.058,11,2327,Shotgun Betty
0.047,11,1816,LIFT
0.053,11,1508,Shark Bait
0.061,11,1705,Wick For Brains
0.05,11,1477,Oval Beach Blonde Ale
0.052,11,630,Apollo
0.056,11,22,Royal Weisse Ale
0.051,11,2421,Watermelon Ale
0.055,12,2502,Vanilla Java Porter
0.05,12,527,Atwater's Lager
0.05,12,2021,Here Gose Nothin'
0.074,12,647,Full Boar Scotch Ale
0.043,12,872,Dry Dock Hefeweizen
0.05,12,2108,Laughing Dog Cream Ale
0.05,12,773,Blueberry Blonde Ale
0.05,12,547,La Perouse White
0.048,12,587,Snowshoe White Ale
0.04,12,2238,Lobo Lito
0.041,12,2635,Sparkle
0.046,12,1150,Woolybugger Wheat
0.048,12,369,Festie
0.044,12,1009,Tallgrass Pub Ale
0.056,12,2117,Broken Bridge
0.052,12,2622,Damascene Apricot Sour
0.042,13,515,Purple Haze
0.04,13,2680,Sho'nuff
0.057,13,1520,Barney Flats Oatmeal Stout
0.057,13,1221,Barney Flats Oatmeal Stout
0.057,13,572,Barney Flats Oatmeal Stout (2012)
0.044,13,893,Wheat the People
0.051,13,478,Great Crescent Belgian Style Wit
0.048,13,1354,541 American Lager
0.055,13,1113,Elder Betty
0.049,13,650,Three Kings Ale
0.032,13,2231,American Light
0.042,13,398,Wild Onion Summer Wit
0.05,14,2196,Couch Select Lager
0.043,14,1015,Hangar 24 Helles Lager
0.06,14,1355,Schuylkill Punch
0.047,14,1052,Honey Wheat
0.053,14,420,Washita Wheat
0.059,14,2360,Morning Wood Wheat (Current)
0.059,14,130,Morning Wood Wheat (Current)
0.05,14,414,Bottom Up Belgian Wit
0.047,14,139,Point Amber Classic
0.046,15,2217,Honey Kolsch
0.058,15,1326,Boont Amber Ale
0.058,15,811,Boont Amber Ale (2010)
0.058,15,78,Boont Amber Ale (2011)
0.053,15,1281,Samuel Adams Octoberfest
0.045,15,397,SummerBright Ale
0.05,15,921,Northern Lights Amber Ale
0.051,15,1649,Chai Ale
0.052,15,685,Lava Lake Wit
0.05,15,1809,The Tradition
0.049,15,2076,Boathouse Blonde
0.046,15,1489,Golden Road Hefeweizen
0.046,15,548,Golden Road Hefeweizen (2012)
0.045,15,404,Black Star Double Hopped Golden Lager (24 oz.)
0.045,15,164,Black Star Double Hopped Golden Lager (12 oz.)
0.052,15,2059,UFO Gingerland
0.048,15,2672,Leisure Time
0.05,15,2060,Weize Guy
0.052,15,467,Joseph James American Lager
0.052,15,464,Weisse Versa
0.05,15,1187,Peninsula Brewers Reserve (PBR)
0.054,15,1741,A Slice of Hefen
0.055,15,313,Mana Wheat
0.055,15,314,Narragansett Fest Lager
0.048,15,1146,Brunette Nut Brown Ale
0.048,15,2632,Gold
0.06,15,1462,Dead Eye Dunkel
0.058,15,609,Rosa Hibiscus Ale
0.05,15,1868,Saint Archer White Ale
0.05,15,1934,SunSpot Golden Ale
0.05,15,1072,SanTan HefeWeizen
0.05,15,286,SanTan HefeWeizen (2010)
0.058,15,1297,Estival Cream Stout
0.057,15,1357,Point Oktoberfest
0.057,15,456,Point Oktoberfest
0.059,15,1197,Wagon Box Wheat Beer
0.045,15,1951,Upland Wheat Ale
0.048,15,466,Top Rope Mexican-style Craft Lager
0.047,15,1468,Wolverine Premium Lager
0.028,15,2306,Summer Brew
0.048,16,2419,Bunker Hill Blueberry Ale 
0.045,16,2412,Deception
0.048,16,2485,Saddle Bronc Brown Ale
0.049,16,1408,Kölsch 151
0.044,16,667,Blue Point Summer Ale
0.071,16,2062,Noche Dulce
0.068,16,2160,Joey Wheat
0.039,16,878,Lawnmower Lager
0.048,16,1882,Whitecap Wit
0.078,16,1881,Seiche Scottish Ale
0.05,16,1885,Gutch English Style Mild Ale
0.052,16,2550,Weissenheimer
0.056,16,2660,Westfalia
0.052,16,2374,Weisse Versa (2012)
0.053,16,1325,Big Rod Coconut Ale
0.05,16,2087,Blood Orange Wit
0.041,16,588,Schlafly Hefeweizen
0.042,16,2479,Jammer
0.055,16,1588,Sly Fox Christmas Ale 2013
0.055,16,926,Sly Fox Christmas Ale 2012 (2012)
0.05,16,105,Köld Lager (2010)
0.048,16,1198,Saddle Bronc Brown Ale (2013)
0.052,16,1748,Bronx Summer Pale Ale
0.05,16,576,White Thai
0.049,17,802,Hell or High Watermelon Wheat (2009)
0.049,17,801,Hell or High Watermelon Wheat (2009)
0.049,17,800,21st Amendment Watermelon Wheat Beer (2006)
0.049,17,9,Hell or High Watermelon Wheat
0.045,17,514,Abita Amber
0.055,17,2679,Bloody Show
0.062,17,390,Whitsun
0.055,17,106,Ellie’s Brown Ale
0.062,17,1620,Pumpkin Beast
0.081,17,2104,Aprè Shred
0.052,17,920,Polar Pale Ale
0.047,17,1407,Tybee Island Blonde
0.051,17,880,Apricot Blonde
0.046,17,2659,KSA
0.052,17,2309,Sunbru Kölsch
0.046,17,1016,Orange Wheat
0.051,17,2384,Laka Laka Pineapple
0.05,17,2144,Robert Earl Keen Honey Pils
0.069,17,1463,Hideout Helles
0.051,17,2516,Farmer's Daughter Blonde
0.045,17,53,Schlafly Summer Lager
0.049,17,92,Colorado Kölsch
0.051,17,1284,Dog Days Lager
0.04,17,1212,SUM'R
0.051,17,1030,Country Pale Ale
0.045,18,2544,Send Help
0.052,18,2216,Copperhead Amber
0.053,18,1920,Alaskan Amber
0.046,18,2225,Lake House
0.046,18,1910,Lake House
0.05,18,1050,The Lawn Ranger
0.05,18,545,Florida Cracker Belgian Wit
0.045,18,457,Dundee Summer Wheat Beer
0.05,18,2111,What the Butler Saw
0.055,18,1208,Twisted Helles Summer Lager
0.06,18,1108,Sweet As Pacific Ale
0.042,18,2201,312 Urban Wheat Ale
0.042,18,1829,312 Urban Wheat Ale
0.057,18,1990,Cherry Ale
0.057,18,639,Cherry Ale (1)
0.052,18,1361,Half Full Bright Ale
0.044,18,1331,Hardywood Cream Ale
0.052,18,2673,House Lager
0.046,18,1274,Longboard Island Lager
0.046,18,1220,Longboard Island Lager
0.046,18,1070,Longboard Island Lager
0.046,18,590,Longboard Island Lager
0.038,18,2033,Pub Ale
0.043,18,2209,Sol Drifter
0.079,18,1994,The Great Pumpcan
0.05,18,1484,Summer Paradise
0.045,18,33,Bikini Blonde Lager
0.048,18,172,Flaming Damsel Lager (2010)
0.056,18,1756,When Helles Freezes Over
0.052,18,1586,Fat Tire Amber Ale
0.052,18,748,Fat Tire Amber Ale (2011)
0.052,18,563,Fat Tire Amber Ale
0.052,18,71,Fat Tire Amber Ale (2008)
0.045,18,1335,Float Trip Ale
0.045,18,846,Black Walnut Wheat
0.052,18,399,Pyramid Hefeweizen (2011)
0.052,18,82,Haywire Hefeweizen (2010)
0.058,18,2512,Honey Rye
0.042,18,386,Mexican Logger
0.049,18,1123,Helles Golden Lager
0.05,18,406,Snake River Lager
0.07,18,1972,LuckenBock
0.059,18,1238,Wild Night
0.048,18,2347,Hunny Do Wheat
0.04,18,2319,Knotty Blonde Ale
0.045,18,529,Tin Roof Blonde Ale
0.047,19,2510,Honey Badger Blonde
0.054,19,83,Avalanche Ale
0.045,19,1435,Stone's Throw IPA
0.047,19,2661,Park
0.052,19,1383,Beaver Logger
0.057,19,1678,KelSo Nut Brown Lager
0.048,19,2690,Wall's End
0.095,19,1059,The Hole in Hadrian's Wall
0.05,19,622,Blacktop Blonde
0.05,19,362,Blacktop Blonde
0.051,19,2212,Twisted X
0.05,20,2539,The Brown Note
0.05,20,2674,The Brown Note
0.04,20,2403,P-Town Pilsner
0.051,20,1332,Greenbelt Farmhouse Ale
0.045,20,1644,Banner American Rye
0.05,20,2188,Lost Meridian Wit
0.053,20,1317,Steel Rail Extra Pale Ale
0.046,20,2484,Bomber Mountain Amber Ale
0.06,20,2124,Summer's Wit
0.05,20,1454,Parcae Belgian Style Pale Ale
0.05,20,1453,Norns Roggenbier
0.05,20,1452,Laimas Kölsch Style Ale
0.048,20,1968,FMB 101
0.047,20,1733,805
0.052,20,1872,Local Buzz
0.042,20,2524,Bat Outta Helles
0.055,20,991,Get Up Offa That Brown
0.042,20,581,312 Urban Wheat Ale (2012)
0.048,20,1244,Dos Pistolas
0.04,20,1186,Hazy Day Belgian-Style Wit
0.059,20,1340,UFO Pumpkin
0.049,20,724,Hilliard's Blonde
0.049,20,2195,Double D Blonde
0.049,20,1390,Double D Blonde (2013)
0.049,20,498,Double D Blonde (2011)
0.039,20,2400,Nonstop Hef Hop
0.039,20,2399,Nonstop Hef Hop
0.039,20,2398,Nonstop Hef Hop
0.039,20,2397,Nonstop Hef Hop
0.039,20,2396,Nonstop Hef Hop
0.039,20,2395,Nonstop Hef Hop
0.039,20,2394,Nonstop Hef Hop
0.039,20,2393,Nonstop Hef Hop
0.039,20,2392,Nonstop Hef Hop
0.039,20,2391,Nonstop Hef Hop
0.039,20,2390,Nonstop Hef Hop
0.039,20,2389,Nonstop Hef Hop
0.055,20,1774,Hijack
0.045,20,559,Jon Boat Coastal Ale
0.047,20,1235,Love Street Summer Seasonal (2014)
0.066,20,1068,Barn Burner Saison
0.052,20,1687,Schweet Ale
0.048,20,2583,Vermont Pilsner
0.053,20,1153,Lumberyard Pilsner
0.051,20,1813,#9
0.051,20,360,#9
0.05,20,2308,River House
0.051,20,1578,Lahaina Town Brown
0.065,20,932,Booyah Farmhouse Ale
0.056,20,2043,Skylight
0.046,20,1394,Old Forge Pumpkin Ale
0.069,20,1403,Horny Monk
0.06,20,1791,Hot Date Ale
0.055,20,521,McKinney Eddy Amber Ale
0.069,20,2599,Sex Panther
0.055,20,1073,Epicenter Amber Ale
0.069,20,852,Sex Panther (2014)
0.05,20,777,Mr. Pineapple
0.055,20,124,Epicenter Amber Ale (2010)
0.058,20,1392,Sanitas Saison Ale
0.053,20,1768,Stone Fort Brown Ale
0.05,20,2296,Suzy B Dirty Blonde Ale
0.05,20,1118,Suzy B Dirty Blonde Ale
0.05,20,856,Bombshell Blonde
0.05,20,44,Bombshell Blonde
0.042,20,1544,Starr Pils
0.058,20,2085,Hop Up Offa That Brett (2014)
0.053,20,55,Sunlight Cream Ale
0.051,20,14,Hell
0.048,20,2555,Ginger Peach Saison
0.056,20,1196,Wild Plum Farmhouse Ale
0.05,20,1063,Vanilla Bean Buffalo Sweat
0.05,20,765,Buffalo Sweat
0.05,20,676,Halcyon Unfiltered Wheat
0.05,20,412,Halcyon Unfiltered Wheat
0.05,20,102,Buffalo Sweat (2010)
0.046,20,1200,Bomber Mountain Amber Ale (2013)
0.058,20,2623,Cafe Leche
0.054,20,519,SoDo Brown Ale
0.052,20,908,Pumpkan
0.054,20,2223,Ermal's
0.057,20,1318,Wild Wolf Wee Heavy Scottish Style Ale
0.066,21,2681,Flesh Gourd'n
0.05,21,1800,Rollin Dirty Red Ale
0.056,21,968,Farmer John's Multi-Grain Ale
0.06,21,1635,Kilt Lifter Scottish-Style Ale
0.06,21,179,Kilt Lifter Scottish-Style Ale (2009)
0.043,21,2129,Monarch Classic American Wheat
0.049,21,2127,Sir William's English Brown Ale
0.063,21,2295,The Golden One
0.027,21,2482,Totally Radler
0.045,21,1625,Belgian Style Session Ale
0.037,21,1236,Pace Setter Belgian Style Wit
0.052,21,2413,Cali Creamin'
0.052,21,2237,Towhead
0.056,21,1978,1554 Black Lager
0.058,21,1461,Peacemaker Pilsner
0.058,21,188,Pallavicini Pilsner (2009)
0.051,21,1718,Firemans #4 Blonde Ale (2013)
0.051,21,830,Firemans #4 Blonde Ale (2015)
0.052,21,1992,Franz
0.053,21,23,Dunkel Lager
0.05,21,1428,Tin Roof Watermelon Wheat
0.068,21,2253,Blonde Hunny
0.072,22,1579,OktoberBeast
0.049,22,2404,Hop in the ‘Pool Helles
0.053,22,1545,Blue Mountain Classic Lager
0.075,22,1727,Kilt Dropper Scotch Ale
0.059,22,2255,Santa's Secret
0.05,22,2055,Killer Kolsch
0.048,22,969,Capital Gold Golden Lager
0.049,22,2505,Abbey's Single (2015- )
0.049,22,1887,Abbey's Single Ale (Current)
0.05,22,1662,Wet Hot American Wheat Ale
0.053,22,2303,Beer Agent Re-Ignition
0.053,22,1699,Great Crescent Blonde Ale
0.053,22,389,Great Crescent Blonde Ale (2011)
0.07,22,1574,Barrel Aged Farmer
0.07,22,655,Farmer Brown Ale
0.049,22,631,Flagship Ale
0.044,22,824,Tonganoxie Honey Wheat
0.065,22,1691,Stir Crazy Winter Ale
0.042,22,2184,Humpback Blonde Ale
0.05,22,580,Narragansett Cream Ale
0.07,22,316,Narragansett Porter
0.045,22,696,Old Town Ale
0.048,22,1864,Saint Archer Blonde
0.05,22,407,OB-1 Organic Ale
0.05,22,1969,Kol' Beer
0.05,22,855,Special Amber
0.05,22,445,Special Amber
0.044,22,103,Tallgrass Ale
0.08,22,2601,Deduction
0.053,22,1913,Hydraulion Red
0.051,22,950,Rivet Irish Red Ale
0.04,22,2100,Yard Sale Winter Lager
0.048,22,444,Upslope Craft Lager
0.053,22,382,Common Sense Kentucky Common Ale
0.057,22,1645,Westfield Octoberfest
0.06,23,2509,Porter (a/k/a Black Gold Porter)
0.048,23,1228,Mad Beach
0.052,23,1401,Ballast Point Pale Ale
0.052,23,681,Summertime Ale
0.052,23,946,Dallas Blonde
0.049,23,2604,Blonde Czich
0.057,23,440,Great Crescent Dark Lager
0.055,23,1348,KelSo Pilsner
0.052,23,2177,Volcano Red Ale
0.05,23,600,Boji Beach Golden Rye Ale
0.052,23,1268,Rustic Red
0.069,23,1740,Le Mort Vivant
0.069,23,555,Le Mort Vivant (2011)
0.054,23,2164,Cowbell
0.083,23,2084,PV Muckle (2013)
0.053,23,2081,Port Barrel Wee Mac 
0.063,23,1366,Stupid Sexy Flanders
0.054,23,1127,Bourbon Barrel Wee Mac
0.055,23,874,Sun King Oktoberfest
0.055,23,526,Sun King Oktoberfest (2011)
0.054,23,213,Wee Mac Scottish-Style Ale
0.063,23,2118,Battle LIne
0.077,23,1042,Atom Smasher
0.079,23,1769,White Magick of the Sun
0.06,23,366,Jack Stout
0.045,23,1469,Tiny Bomb
0.054,24,794,Ashland Amber Ale (2009)
0.054,24,37,Ashland Amber Ale
0.045,24,1839,Chin Music Amber Lager
0.052,24,751,Hurricane Amber Ale (2004)
0.052,24,120,Hurricane Amber Ale
0.07,24,1260,Wee-Heavy-Er Scotch Ale
0.075,24,2162,Lewbricator Wheat Dopplebock 
0.06,24,690,Sobrehumano Palena'ole
0.05,24,586,Kodiak Brown Ale
0.06,24,2666,Jucundus
0.051,24,1272,Louie's Demise Amber Ale
0.051,24,171,Louie’s Demise Immort-Ale (2010)
0.049,24,1617,Morgan Street Oktoberfest
0.046,24,1051,Black Bear Dark Lager
0.042,24,1093,Narragansett Summer Ale
0.042,24,403,Narragansett Summer Ale
0.054,24,1669,Oakshire Amber Ale
0.05,24,694,Cache La Porter
0.06,24,1491,Sweet Potato Ale
0.09,24,923,The Velvet Fog
0.052,24,739,Indianapolis Indians Lager
0.052,24,698,Indians Victory Lager (2012)
0.068,24,2563,Lee Hill Series Vol. 2 - Wild Saison
0.077,25,2684,35 K
0.05,25,2682,Rules are Rules
0.055,25,1217,El Steinber Dark Lager
0.06,25,1288,Bozone Hefe Weizen
0.053,25,2214,Horny Toad Cerveza
0.053,25,169,Horny Toad Cerveza (2013)
0.055,25,2349,Cubano Espresso
0.055,25,1138,Maduro Brown Ale
0.055,25,571,Maduro Brown Ale
0.075,25,2355,Old Soul
0.052,25,356,Crazy Mountain Amber Ale
0.049,25,2293,Aviator Raspberry Blonde
0.048,25,1202,Farmhouse Wit
0.049,25,673,Dottie Seattle Lager
0.057,25,930,Great Crescent Oktoberfest Lager
0.06,25,615,Frosted Fields Winter Wheat
0.059,25,539,Oktoberfest
0.048,25,517,40th Annual Bix Street Fest Copper Ale (Current)
0.05,25,2142,Screamin’ Pumpkin
0.065,25,2140,El Rojo
0.042,25,1835,Provision
0.058,25,1560,Mother in Lager
0.055,25,1458,Karbachtoberfest
0.06,25,1672,Riverwalk Blonde Ale
0.06,25,2688,Stronghold
0.082,25,2247,Lake Monster
0.055,25,775,Mutton Buster
0.059,25,1404,North 45 Amber Ale
0.055,25,847,Old Tom Porter
0.046,25,2211,White (2015)
0.047,25,2513,Vanilla Porter
0.05,25,1005,5:00 O'Clock Afternoon Ale
0.057,25,417,Oktoberfest Revolution
0.048,25,1851,Cougar
0.095,25,2073,Winter Warmer (Vault Series)
0.056,25,1363,Grisette
0.058,25,166,Oktoberfest Lager
0.057,25,91,Steam Engine Lager
0.051,25,1410,Sand Island Lighthouse
0.082,25,1510,Troegenator Doublebock
0.047,25,2367,Humbucker Helles
0.092,25,1770,Voodoo Love Child
0.092,25,1729,Gran Met
0.045,25,1195,Wild Wolf American Pilsner
0.045,25,1514,Easy Day Kolsch
0.055,26,1165,Colorado Native
0.055,26,431,Colorado Native (2011)
0.053,26,429,Ninja Porter
0.051,26,1711,Moose Drool Brown Ale
0.051,26,767,Moose Drool Brown Ale (2011)
0.051,26,34,Moose Drool Brown Ale (2009)
0.056,26,1613,Gyptoberfest
0.052,26,1201,Striped Bass Pale Ale
0.05,26,2075,Cedar Point
0.042,26,439,Great Crescent Mild Ale
0.049,26,2691,Maggie's Leap
0.065,26,1058,33 Select Brown Ale
0.057,26,601,Winter Games Select #32 Stout
0.048,26,1338,Old Chico Crystal Wheat
0.054,26,2588,Cow Creek
0.032,27,550,Rocket Girl
0.056,27,597,This Season's Blonde
0.057,27,2556,Nordic Blonde
0.045,27,513,Bomb Lager (Old Recipe)
0.054,27,924,Deadicated Amber
0.05,27,2284,Hinchtown Hammer Down
0.053,27,2527,OktoberFiesta
0.057,27,1700,Aurora Lager
0.057,27,626,Aurora Lager (2011)
0.046,27,1115,Shenanigans Summer Ale
0.059,27,1904,White Rabbit 
0.052,27,2178,Hawaiian Crow Porter
0.058,27,1668,Overcast Espresso Stout
0.049,27,2071,London Homesick Ale
0.058,27,339,Copper Hook (2011)
0.071,27,1128,Ring of Dingle
0.053,27,2614,Yoshi's Nectar
0.052,27,1660,Immersion Amber
0.052,27,518,Immersion Amber Ale (2011)
0.052,27,971,Phat Chance
0.05,28,1870,Contact High
0.055,28,76,Poleeko Gold Pale Ale (2009)
0.05,28,1964,Stargrazer
0.049,28,183,Pamola Xtra Pale Ale
0.055,28,665,Toasted Lager
0.055,28,1799,Are Wheat There Yet?
0.052,28,2226,Wisconsin Amber
0.047,28,607,Underdog Atlantic Lager
0.05,28,2427,Suncaster Summer Wheat
0.05,28,1380,Harpoon Summer Beer
0.05,28,769,Harpoon Summer Beer (2012)
0.05,28,192,Harpoon Summer Beer (2010)
0.047,28,1834,One Nut Brown
0.053,28,553,People's Pale Ale
0.048,28,195,Lancaster German Style Kölsch
0.058,28,2662,Claritas
0.056,28,1907,Montauk Summer Ale
0.044,28,695,Car 21
0.068,28,416,Eugene Porter
0.045,28,1552,Dog Days Summer Ale
0.05,28,1295,Summerfest
0.049,28,623,TailGate Hefeweizen
0.049,28,361,TailGate Hefeweizen
0.045,28,494,Perfect Tin Amber
0.049,28,2341,L'il Lucy's Hot Pepper Ale
0.049,29,567,Churchkey Pilsner Style Beer
0.075,29,659,Crabtree Oatmeal Stout
0.052,29,1571,Slow Hand Stout
0.057,29,1145,Cardinal Pale Ale
0.05,29,1987,Shift
0.05,29,952,Shift (1)
0.05,29,578,Shift
0.087,29,2334,Clan Warrior
0.06,29,603,Midwest Charm Farmhouse Ale
0.052,29,2605,Tip Off
0.04,29,974,WYLD Extra Pale Ale
0.054,30,866,British Pale Ale (2010)
0.054,30,48,British Pale Ale
0.06,30,2153,North Third Stout
0.065,30,1546,Steel Wheels ESB
0.042,30,1891,Longhop IPA
0.048,30,1614,Wood Splitter Pilsner
0.049,30,1349,Boston Lager
0.049,30,1310,Boston Lager
0.049,30,1143,Boston Lager
0.055,30,2064,Fisherman's Brew
0.055,30,2017,Pail Ale
0.055,30,1858,Hodad Porter
0.056,30,858,Universale Pale Ale
0.054,30,2457,312 Urban Pale Ale
0.054,30,2202,312 Urban Pale Ale
0.05,30,1064,Owney Irish Style Red Ale
0.054,30,864,Roller Dam Red Ale
0.054,30,189,Roller Dam Red Ale (2010)
0.05,30,1106,Pablo Beach Pale Ale
0.055,30,1313,Harpoon Octoberfest
0.06,30,989,AARGHtoberfest!
0.063,30,1351,Grazias
0.066,30,496,Hilliard's Saison
0.066,30,392,Rumspringa Golden Bock
0.052,30,2036,Getaway
0.06,30,1168,Farm Girl Saison
0.061,30,2326,Sweet Josie
0.046,30,1924,Long Trail Ale
0.046,30,573,Long Trail Ale (1)
0.06,30,1124,Happy Amber
0.09,30,1356,Monk from the 'Yunk
0.057,30,32,CoCoNut Porter
0.053,30,1507,Gator Tail Brown Ale
0.063,30,2663,Grazias
0.055,30,1495,Lomaland
0.052,30,2224,Bohemian Pils
0.053,30,1775,Autocrat Coffee Milk Stout
0.056,30,2042,Kadigan
0.055,30,2030,Smoking Mirror
0.055,30,1519,Saison 88
0.045,30,1078,Schlafly IPA
0.05,30,1077,Schlafly American Brown Ale
0.05,30,925,Lily Flagg Milk Stout
0.09,30,2082,Whip Fight
0.09,30,1656,Wee Muckle
0.09,30,584,Wee Muckle (2011)
0.06,30,1936,Farmer's Tan Red Ale
0.075,30,1853,Ferus Fluxus Wild Belgian Pale Ale
0.075,30,683,Upslope Belgian Style Pale Ale
0.049,30,1838,Hefe Lemon
0.049,30,1837,Hefe Black
0.049,30,1836,Widmer Brothers Hefeweizen
0.077,30,1513,Lights Out Vanilla Cream Extra Stout
0.06,31,1057,South Ridge Amber Ale
0.051,31,2032,Ballistic Blonde
0.051,31,1622,Jam Session
0.057,31,1759,Pisgah Pale Ale
0.061,31,418,Fistmas Ale
0.051,31,953,Wisco Disco
0.055,31,2616,Pole Barn Stout
0.075,31,1730,Wynona's Big Brown Ale
0.08,31,761,P-51 Porter
0.056,32,1902,14° ESB 
0.05,32,643,Big River Pilsner
0.05,32,1722,Iron Horse Pale Ale
0.053,32,1300,Gateway Kolsch Style Ale
0.045,32,1615,The 12th Can™
0.051,32,658,HUB Lager
0.048,32,2350,Oklahoma Suks
0.051,32,961,Mac's Scottish Style Amber Ale (2000)
0.07,32,1125,Gnarly Brown
0.065,32,315,Narragansett Bock
0.052,32,402,Snake River Pale Ale
0.052,32,1151,Hell-Diver Pale Ale
0.048,32,1283,Na Zdraví Pilsner
0.054,32,357,2012 Black Ale
0.04,32,1097,Organic Baba Black Lager
0.052,33,1137,Pre Flight Pilsner
0.075,33,2251,Oak Cliff Coffee Ale
0.065,33,2526,Texicali 
0.056,33,1702,Bourbon Barrel Aged Coconut Porter
0.056,33,1269,Great Crescent Coconut Porter
0.056,33,441,Great Crescent Coconut Porter (2012)
0.072,33,1090,Double Bag
0.062,33,2405,Alter Ego 
0.054,33,2270,Point Cascade Pale Ale (2013)
0.054,33,140,Point Cascade Pale Ale
0.067,33,13,CynicAle
0.055,33,736,Ornery Amber Lager (2003)
0.065,33,1932,Thai Style White IPA
0.06,34,1261,Bent Paddle Black Ale
0.078,34,1848,American Red Saison
0.04,34,1890,Lucky Buck
0.06,34,984,Leaning Chimney Smoked Porter
0.055,34,889,Hilliard's Pils
0.037,34,1237,Pit Stop Chocolate Porter
0.052,34,1387,Sweet Action
0.052,34,424,Sweet Action (2011)
0.055,34,18,SurlyFest
0.085,34,2575,Wooden Rooster
0.069,34,1562,Grandma's Pecan
0.04,34,1088,Cutthroat Pale Ale
0.083,35,11,Monk's Blood
0.053,35,1594,Maylani's Coconut Stout
0.05,35,1162,Oatmeal PSA
0.062,35,979,Poop Deck Porter
0.06,35,978,Old Red Beard Amber Ale
0.055,35,533,Amber Road
0.05,35,1712,Montana Trout Slayer Ale
0.05,35,766,Montana Trout Slayer Ale (2012)
0.05,35,35,Montana Trout Slayer Ale (2009)
0.055,35,986,Morning Wood
0.075,35,1898,Blackmarket Rye IPA
0.046,35,611,834 Happy As Ale
0.049,35,1395,Hazed & Infused
0.057,35,808,Hoopla Pale Ale
0.049,35,81,Hazed & Infused (2010)
0.058,35,27,Original Orange Blossom Ale (Current)
0.063,35,2213,Native Amber
0.063,35,170,Native Amber (2013)
0.054,35,2065,Fisherman's Pils
0.055,35,1928,Cape Cod Red
0.042,35,1439,Boat Beer
0.051,35,1584,Scruffy's Smoked Alt
0.065,35,901,Harvest Ale
0.058,35,1960,Saison Pamplemousse
0.055,35,2126,Lakefire Rye Pale Ale
0.05,35,2141,Grand Trunk Bohemian Pils
0.05,35,2138,Grind Line
0.058,35,2200,Survival Stout
0.05,35,2197,Rubberneck Red
0.05,35,1046,Golden Pilsner
0.086,35,1291,Narragansett Bohemian Pilsner
0.042,35,2050,Cream Ale
0.048,35,2070,Luchesa Lager
0.048,35,2069,Slow Ride
0.049,35,2302,Pinner Throwback IPA
0.053,35,1167,Mama's Little Yella Pils
0.053,35,7,Mama's Little Yella Pils
0.08,35,5,Old Chub
0.08,35,787,Old Chub (2008)
0.08,35,786,Old Chub (2004)
0.08,35,785,Old Chub (2003)
0.08,35,1175,Old Chub
0.042,35,1805,Rodeo Rye Pale Ale
0.048,35,890,Payette Pale Ale
0.05,35,2628,Grapefruit IPA
0.045,35,2031,Golden Fleece
0.058,35,1993,Panther
0.056,35,1479,1881 California Red
0.056,35,882,1881 California Red Ale
0.049,35,629,Harbinger
0.058,35,2406,Murphy's Law
0.047,35,2486,Baby Daddy Session IPA
0.056,35,1240,Stump Knocker Pale Ale
0.055,35,2568,Take Two Pils
0.062,35,1736,Zombie Monkie
0.065,35,2640,Peck's Porter
0.055,35,2119,First Stand
0.052,35,2594,Surfrider
0.045,35,948,Circuit Bohemian Pilsner
0.07,35,1754,Parade Ground Coffee Porter
0.053,36,2402,Klickitat Pale Ale
0.056,36,668,Mucho Aloha Hawaiian Pale Ale
0.051,36,1182,Elliott's Phoned Home Pale Ale
0.057,36,2425,Brass Knuckle Pale Ale
0.056,36,1000,Good People Pale Ale
0.058,36,308,Good People American Brown Ale
0.045,36,649,Great Crescent Brown Ale
0.06,36,371,Redband Stout
0.054,36,2333,Psycho Penguin Vanilla Porter
0.071,36,2304,Sundown
0.054,36,617,Zonker Stout
0.099,36,2083,Bourbon Barrel Batch 666: Sympathy for the Devil
0.058,36,951,Alloy
0.057,36,560,Persnickety Pale
0.051,36,1121,Sidekick Extra Pale Ale
0.056,37,888,1327 Pod's ESB
0.056,37,886,1327 Pod's ESB
0.056,37,612,1327 Pod's ESB
0.063,37,1746,Dead Armadillo Amber Ale
0.055,37,1793,Thunder Ann
0.056,37,1905,Sierra Nevada Pale Ale
0.056,37,400,Sierra Nevada Pale Ale
0.04,37,19,Bitter Brewer
0.054,37,2615,Pale
0.055,37,495,Voodoo Bengal Pale Ale
0.04,37,1846,Wachusett Light IPA
0.04,37,1029,Wachusett Light IPA (2013)
0.051,38,2677,Coq de la Marche
0.044,38,965,Field 41 Pale Ale
0.05,38,1253,Venture Pils
0.058,38,2095,Wavemaker
0.048,38,1360,Screaming Eagle Special Ale ESB
0.06,38,2689,Pumpion
0.05,38,1239,Midnight Oil
0.048,38,2146,#004 Session I.P.A.
0.04,39,1961,Ozark American Pale Ale
0.058,39,1792,Iron Butt Red Ale
0.053,40,1921,Freeride APA
0.057,40,1580,Trolley Stop Stout
0.038,40,2105,Even Keel
0.055,40,1900,Lost Sailor IPA
0.05,40,1713,Scape Goat Pale Ale
0.05,40,159,Scape Goat Pale Ale (2010)
0.06,40,692,Blue Point White IPA
0.052,40,2167,Evil Owl
0.052,40,26,Black Noddy Lager (Current)
0.06,40,2125,1836
0.055,40,2478,Pale Alement
0.055,40,2054,Pale Alement
0.05,40,2377,Main St. Virginia Ale
0.05,40,1248,Main St. Virginia Ale
0.055,40,2079,Oktoberfest
0.05,40,1210,Mirror Pond Pale Ale
0.057,40,1873,Block Party Robust Porter
0.055,40,2205,Mountain Rescue Pale Ale
0.07,40,2026,Pursuit
0.062,40,1894,Pt. Bonita Rustic Lager
0.051,40,502,Alteration
0.055,40,1557,Weekend Warrior Pale Ale
0.058,40,1832,Adam's Stout
0.057,40,2434,Peach Pale Ale
0.05,40,1815,SPRYE
0.058,40,1493,Black House
0.045,40,2475,Slow Ride
0.05,40,2629,Veteran’s Pale Ale (VPA)
0.05,40,2414,Consilium
0.055,40,2576,Fist City
0.056,40,1842,Original Slacker Ale
0.052,40,1865,Saint Archer Pale Ale
0.077,40,2250,Seventh Son of a Seventh Son
0.077,40,1767,Seventh Son Hopped Red Ale
0.051,40,20,Phoenix Pale Ale
0.055,40,1971,Texas Pale Ale (TPA)
0.058,40,1120,Hipster Breakfast
0.072,40,1010,Old Potentate
0.053,40,2549,Make It So
0.062,40,2317,Fivepine Chocolate Porter
0.055,40,145,Silverback Pale Ale
0.061,41,702,Hot Rod Red
0.041,41,2235,Day Hike Session
0.056,41,162,Paddy Pale Ale
0.044,42,876,Bitter American
0.044,42,353,Bitter American (2011)
0.042,42,2683,A Beer
0.047,42,146,Avery Joe’s Premium American Pilsner
0.07,42,1778,On the Count of 3 (2015)
0.062,42,28,Tule Duck Red Ale (Current)
0.052,42,1247,Ray Ray’s Pale Ale
0.063,42,2658,Villager
0.047,42,1223,All Day IPA
0.052,42,1259,13 Rebels ESB
0.059,42,1379,Harpoon IPA
0.059,42,770,Harpoon IPA (2012)
0.059,42,126,Harpoon IPA (2010)
0.055,42,2301,Power & Light
0.057,42,1688,American Hero
0.059,42,1926,Long Trail IPA
0.054,42,2176,Mauna Kea Pale Ale
0.063,42,1226,Three Skulls Ale Pale Ale
0.057,42,2452,Hustle
0.055,42,2451,Pure Fury
0.048,42,1370,Ruhstaller's Gilt Edge Lager Beer
0.054,42,1388,The Crisp
0.054,42,425,The Crisp (2011)
0.047,42,1082,RecreationAle
0.04,42,1925,Trader Session IPA
0.062,43,837,Desolation IPA
0.06,43,1875,Naked Pig Pale Ale
0.053,43,1257,Jack Pine Savage
0.099,43,2068,Imperial Pumpkin Stout
0.063,43,2339,Little Red Cap
0.058,43,2246,Night Cat
0.058,43,1630,Night Cat (2014)
0.044,44,2558,Moar
0.058,44,1896,Aftermath Pale Ale
0.066,44,1847,Colorado Red Ale
0.045,44,1886,Thrasher Session India Pale Ale
0.057,44,2314,Wild Trail Pale Ale
0.066,44,1670,Manzanita Pale Ale
0.048,44,1460,El Conquistador Extra Pale Ale
0.065,44,945,Long Hammer IPA
0.065,44,583,Long Hammer IPA
0.049,44,21,Pikeland Pils
0.05,44,663,TailGate IPA
0.05,44,662,TailGate IPA
0.079,45,1024,Fireside Chat
0.079,45,321,Fireside Chat (2010)
0.05,45,2602,Citrafest
0.07,45,1322,Green Bullet Organic India Pale Ale
0.035,45,1643,Banner American Ale
0.051,45,2187,Celestial Meridian Cascadian Dark Lager
0.058,45,2423,Fenway American Pale Ale
0.055,45,2508,Jalapeno Pale Ale
0.071,45,1849,American Red Porter
0.053,45,1183,Kindler Pale Ale
0.065,45,1629,Rebel IPA
0.06,45,2056,Black Me Stout
0.044,45,2051,Bravo Four Point
0.055,45,2590,Czech Yo Self
0.065,45,875,Fremont Summer Ale
0.062,45,1653,The Long Thaw White IPA
0.072,45,990,Loose Cannon
0.058,45,1833,Hop Farm IPA
0.054,45,728,Day Tripper Pale Ale
0.049,45,2669,Calyptra
0.049,45,465,Sympathy for the Lager
0.05,45,602,Boji Blue Pale Ale
0.055,45,1908,Fresh Slice White IPA
0.054,45,2553,Mazzie
0.055,45,2515,Pump House IPA
0.043,45,1935,Zen
0.055,45,850,Devil’s Ale
0.055,45,764,American Idiot Ale (2012)
0.055,45,285,Devil’s Ale (2010)
0.05,45,1324,Schlafly Yakima Wheat Ale
0.053,45,2320,Jack the Sipper
0.065,45,2387,Pine Belt Pale Ale
0.065,45,45,Pine Belt Pale Ale
0.051,45,17,Coffee Bender
0.051,45,16,Bender
0.046,45,1749,Just IPA
0.045,45,2203,Sunshine Pils
0.051,45,1194,Alpha Ale
0.067,45,928,Belgorado
0.07,46,2618,Thai.p.a
0.06,46,2538,Neomexicanus Native
0.056,46,1159,Mother Ale
0.058,46,929,Single Engine Red
0.047,46,1494,Fortunate Islands
0.057,46,1747,Bronx Black Pale Ale
0.048,47,2634,Nordskye 
0.068,47,1279,East India Pale Ale
0.068,47,566,East India Pale Ale
0.045,47,2569,Easy Jack
0.067,47,358,Hop Knot IPA
0.057,47,2329,Peacemaker Pale Ale
0.065,47,2268,Pretzel Stout
0.056,47,2687,Parapet ESB
0.059,47,778,Brownstone
0.054,48,1963,Wonderstuff
0.054,48,1967,General George Patton Pilsner
0.053,48,863,483 Pale Ale
0.053,48,190,483 Pale Ale (2010)
0.053,48,697,Stimulator Pale Ale
0.06,48,512,Autumnation (2011-12) (2011)
0.048,48,1661,Trailhead ISA
0.048,48,482,Trailhead India Style Session Ale (2011)
0.058,49,871,Dry Dock Amber Ale
0.052,49,1923,Commotion APA
0.095,49,1671,Gillespie Brown Ale
0.06,49,1906,Driftwood Ale
0.053,49,2352,Extra Pale Ale
0.09,50,2218,Ironman
0.092,50,1333,Quakertown Stout
0.066,50,985,Bark Bite IPA
0.085,50,2625,Dirty Bastard
0.072,50,2077,No Wake IPA
0.06,50,501,Pale Dog
0.05,50,469,Fox Tail Gluten Free Ale
0.055,50,87,Eddy Out Pale Ale
0.052,50,2156,Oneida
0.052,50,2041,Dammit Jim!
0.045,50,2692,Get Together
0.06,50,1086,Four Squared (2015)
0.047,50,1962,Sensi Harvest
0.083,50,46,Buried Hatchet Stout
0.056,50,1389,Osiris Pale Ale
0.056,50,54,Osiris Pale Ale (2010)
0.073,50,1242,Big Nose
0.063,50,1037,Bronx Pale Ale
0.06,50,1912,40 Mile IPA
0.052,50,949,3 Gear Robust Porter
0.045,50,2190,Campside Session IPA
0.056,50,1844,Wachusett IPA
0.06,50,1511,Worthy Pale
0.07,51,1481,51K IPA
0.075,51,1080,Hop Happy
0.069,51,1760,GreyBeard™ IPA
0.099,51,2562,Lee Hill Series Vol. 3 - Barrel Aged Imperial Stout
0.085,52,531,Special Edition: Allies Win The War!
0.065,52,516,Jockamo IPA
0.06,52,2107,Plum St. Porter
0.057,52,1573,Plum St. Porter
0.053,52,1091,Hans' Pils (2015)
0.1,52,2574,4Beans
0.065,52,1205,Northern Lights India Pale Ale
0.065,52,368,Northern Lights India Pale Ale
0.055,52,433,Greenville Pale Ale
0.075,53,2191,Loki Red Ale
0.075,53,895,Loki Red Ale (2013)
0.037,53,1047,Back in the Saddle Rye Pale Ale
0.06,53,1766,Humulus Nimbus Super Pale Ale
0.08,54,2639,Dark Star
0.06,54,311,Coffee Oatmeal Stout
0.06,54,1505,Flying Jenny Extra Pale Ale
0.06,54,693,Flying Jenny Extra Pale Ale (2012)
0.06,55,413,Sky High Rye
0.054,55,1966,Wagon Party
0.06,55,632,House Brand IPA
0.056,55,1419,Caldera Pale Ale
0.056,55,791,Caldera Pale Ale (2010)
0.056,55,790,Caldera Pale Ale (2009)
0.056,55,789,Caldera Pale Ale (2005)
0.056,55,788,Caldera Pale Ale (2007)
0.056,55,38,Caldera Pale Ale (2011)
0.056,55,1954,Ghost Ship White IPA
0.062,55,1406,Savannah Brown Ale
0.059,55,1213,Chuli Stout
0.063,55,2089,Trail Head
0.059,55,2198,Goose Island India Pale Ale
0.04,55,2007,Norm's Gateway IPA
0.056,55,1270,Capital Trail Pale Ale
0.068,55,558,I-10 IPA
0.056,55,1308,Rhino Chasers Pilsner
0.055,55,1946,Overgrown American Pale Ale
0.072,55,1021,Watership Brown Ale
0.062,55,938,Gangway IPA
0.05,55,1771,Lil SIPA
0.073,55,1478,CAPT Black IPA
0.073,55,883,CAPT Black IPA
0.07,55,917,Becky's Black Cat Porter
0.06,55,1606,Snow King Pale Ale
0.047,55,2473,Hopvale Organic Ale
0.065,55,1599,Royal Brat
0.06,55,1845,Green Monsta IPA
0.06,55,618,Green Monsta IPA
0.058,55,1550,Charlie in the Rye
0.063,57,1386,Righteous Ale
0.063,57,423,Righteous Ale (2011)
0.057,58,2380,IPA #11
0.07,58,1455,Sudice American Stout
0.058,58,2609,Tribute
0.057,58,68,ESB Special Ale
0.061,60,1979,Bitter Bitch
0.06,60,2005,Barrio Blanco
0.067,60,2323,Ultra Gnar Gnar IPA
0.075,60,2585,Galaxy IPA
0.072,60,1456,Powder Hound Winter Ale
0.059,60,1547,Full Nelson Pale Ale
0.059,60,119,Full Nelson Pale Ale (2010)
0.072,60,1801,Last Stop IPA
0.07,60,1726,Hopped on the High Seas (Hop #529)
0.07,60,1725,Hopped on the High Seas (Calypso)
0.07,60,1694,Dry-Hopped On The High Seas Caribbean-Style IPA
0.07,60,1693,Hopped on the High Seas (Citra)
0.07,60,1692,Hopped on the High Seas (Ahtanum)
0.067,60,1772,Jacaranada Rye IPA
0.043,60,2292,Little Sister India Style Session Ale
0.071,60,608,Snake Dog IPA
0.059,60,1490,Point the Way IPA
0.059,60,1296,Point the Way IPA
0.059,60,549,Point the Way IPA (2012)
0.062,60,1701,Great Crescent IPA
0.062,60,436,Great Crescent IPA (2011)
0.055,60,497,Hilliard's Amber Ale
0.078,60,1605,Festeroo Winter Ale
0.058,60,2388,Rise Up Red
0.06,60,1398,Pigwar White India Pale Ale
0.058,60,1085,Rise-Up Red (2014)
0.065,60,1831,Our Legacy IPA
0.065,60,1135,Our Legacy IPA
0.09,60,391,One Hit Wonder
0.087,60,733,Gordon Beer (2006)
0.061,60,2312,Camelback
0.058,60,2229,Pride of Texas Pale Ale
0.09,60,1581,Hammer & Sickle
0.06,60,2132,Dad
0.055,60,1654,Hop Bomber Rye Pale Ale
0.074,60,1302,Blur India Pale Ale
0.068,60,393,Pako’s EyePA
0.058,60,2297,Devil's Harvest Extra Pale Ale
0.058,60,1117,Devil's Harvest Extra Pale Ale
0.099,60,1049,Bourbon Barrel Johan
0.099,60,394,Johan the Barleywine
0.063,60,101,Tallgrass IPA
0.07,60,1755,Juke Joint IPA
0.071,60,2148,#002 American I.P.A.
0.07,61,2432,White Reaper
0.063,61,2093,Pleasure Town
0.063,61,1814,Pleasure Town IPA
0.05,61,1930,Summer Session Ale
0.062,61,1470,Ananda India Pale Ale
0.05,62,528,Grand Circus IPA
0.068,62,2189,In-Tents India Pale Lager
0.071,62,1506,Miami Vice IPA
0.062,62,2168,Amazon Princess IPA
0.065,62,2090,Bengali
0.064,62,1385,Bengali Tiger
0.064,62,422,Bengali Tiger (2011)
0.075,63,2458,Chupahopra
0.061,64,648,Fairweather IPA
0.055,64,2066,Fisherman's IPA
0.061,64,1685,Category 3 IPA
0.06,64,309,Good People IPA
0.06,64,1572,KelSo India Pale Ale
0.063,64,2150,Beyond The Pale IPA
0.055,64,2617,Citra Faced
0.068,65,173,Back in Black
0.07,65,10,Brew Free! or Die IPA
0.069,65,2219,Scarecrow
0.06,65,2675,Pile of Face
0.062,65,1714,Big Sky IPA
0.062,65,579,Big Sky IPA (2012)
0.07,65,1933,Missile IPA
0.062,65,2014,Operation Homefront
0.082,65,2013,Wandering Pelican
0.08,65,1140,José Martí American Porter
0.065,65,2029,Tropicalia
0.069,65,2110,1916 Shore Shiver
0.072,65,1565,Centennial IPA
0.068,65,1399,Heal the Bay IPA
0.075,65,455,Bourbon's Barrel Stout
0.076,65,1895,Groupe G
0.067,65,2670,Hoponius Union
0.065,65,759,Double Haul IPA (2009)
0.065,65,758,Double Haul IPA (2006)
0.065,65,86,Double Haul IPA
0.063,65,2460,India Pale Ale
0.062,65,1309,Face Plant IPA
0.062,65,31,Big Swell IPA
0.065,65,1148,Nebraska India Pale Ale
0.065,65,1487,Falling Down Brown Ale
0.065,65,1444,Dale's Pale Ale
0.065,65,1252,Dale's Pale Ale
0.065,65,955,Dale's Pale Ale
0.065,65,892,Dale's Pale Ale (10 Year Anniversary)
0.065,65,828,Dale's Pale Ale (2012)
0.065,65,755,Dale's Pale Ale (2011)
0.065,65,754,Dale's Pale Ale (2010)
0.065,65,1,Dale's Pale Ale
0.065,65,745,Dale's Pale Ale (2008)
0.065,65,744,Dale's Pale Ale (2006)
0.065,65,743,Dale's Pale Ale (2004)
0.065,65,742,Dale's Pale Ale (2003)
0.065,65,741,Dale's Pale Ale (2002)
0.065,65,1166,Dale's Pale Ale
0.065,65,1065,Dale's Pale Ale
0.062,65,1048,Outlaw IPA
0.065,65,2630,98 Problems (Cuz A Hop Ain't One)
0.068,65,1391,Sanitas Black IPA
0.069,65,1539,Monkey Fist IPA
0.072,65,2239,Torpedo
0.072,65,426,Torpedo
0.068,65,1521,Modus Hoperandi
0.068,65,67,Modus Hoperandi
0.055,65,1282,Nice Rack IPA
0.077,65,2346,Sinister Minister Black IPA
0.065,65,2386,Third Eye Enlightened Pale Ale
0.065,65,90,Third Eye Pale Ale
0.062,65,641,Hoppy Boy
0.068,65,575,Westbrook IPA
0.08,66,442,Great Crescent Stout
0.064,66,1396,Laughing Dog IPA
0.068,66,2441,Mission IPA
0.061,66,1258,5 Day IPA
0.068,66,1867,Saint Archer IPA
0.07,67,596,Independence Pass Ale
0.069,67,1857,Supergoose IPA
0.052,67,2450,Self Starter
0.082,68,2540,Citra Ass Down
0.08,68,2686,Citra Ass Down
0.076,68,2678,Rico Sauvin
0.062,68,1901,Bent Hop Golden IPA
0.062,68,193,Lucky U IPA
0.07,68,2294,The Power of Zeus
0.068,68,435,Flyin' HI.P.Hay
0.057,68,711,Over the Rail Pale Ale
0.07,68,1765,Golden Ratio IPA
0.07,68,861,Cane and Ebel
0.06,69,428,Shiva IPA
0.063,69,107,Avery India Pale Ale
0.069,69,182,Stowaway IPA
0.08,69,2080,8 Barrel
0.069,69,1556,Batch 69 IPA
0.085,69,2044,Captain's Daughter
0.063,69,525,Diesel
0.073,69,1112,Overrated! West Coast Style IPA
0.071,69,2116,Brutus
0.063,69,2497,Wobble
0.065,69,1697,Be Hoppy IPA
0.069,69,2194,Worthy IPA
0.069,69,1512,Worthy IPA (2013)
0.07,70,799,21st Amendment IPA (2006)
0.07,70,797,Brew Free! or Die IPA (2008)
0.07,70,796,Brew Free! or Die IPA (2009)
0.068,70,966,Topcutter India Pale Ale
0.07,70,1018,Sculpin IPA
0.067,70,1965,Sky-Five
0.062,70,1177,Mutiny IPA
0.068,70,2052,Dankosaurus
0.075,70,1142,Humidor Series India Pale Ale
0.075,70,1141,Jai Alai IPA Aged on White Oak
0.075,70,546,Jai Alai IPA
0.07,70,943,Deep Ellum IPA
0.067,70,1434,Wood Chipper India Pale Ale
0.07,70,1451,Moirai India Pale Ale
0.07,70,2566,Flying Mouse 4
0.07,70,2424,Big Star White IPA
0.059,70,2521,Soul Doubt
0.067,70,2426,Clean Shave IPA
0.08,70,1698,Wolf Among Weeds IPA
0.08,70,750,Burning Bush Smoked IPA
0.08,70,749,Wolf Among Weeds IPA (2012)
0.07,70,1109,Descender IPA
0.07,70,540,Big Cock IPA
0.075,70,1677,The Great Return
0.063,70,1543,Proxima IPA
0.073,70,2193,Abominable Winter Ale
0.073,70,916,Abominable Winter Ale (2012)
0.066,70,463,Hopadillo India Pale Ale
0.06,70,1667,King Street IPA
0.056,70,1249,Duluchan India Pale Ale
0.069,70,1126,Psychopathy
0.057,70,434,Sockeye Red IPA
0.07,70,2208,Lil' Helper
0.065,70,2230,Ranger IPA
0.065,70,564,Ranger IPA
0.065,70,115,Ranger IPA (Current)
0.067,70,2331,Watershed IPA
0.067,70,999,Watershed IPA (2013)
0.08,70,585,HGH (Home Grown Hops): Part Duh
0.07,70,479,Missouri Mule India Pale Ale
0.065,70,415,Anti-Hero IPA
0.07,70,1608,Global Warmer
0.06,70,2305,Homefront IPA
0.072,70,637,Monkeynaut IPA
0.062,70,1659,Evo IPA
0.062,70,1173,Evolutionary IPA (2012)
0.062,70,505,Evolutionary IPA (2011)
0.065,70,381,Upstate I.P.W.
0.077,71,556,Eclipse Black IPA
0.065,71,947,Twister Creek India Pale Ale
0.067,71,2313,Mothman Black IPA
0.066,72,2422,Firestarter India Pale Ale
0.066,72,633,Firestarter India Pale Ale
0.065,72,1795,Filthy Hoppin' IPA
0.08,72,935,Fascist Pig Ale
0.092,72,2335,Perpetual Darkness
0.075,72,2362,2014 IPA Cicada Series
0.062,72,1938,Almanac IPA
0.058,72,2627,Train Hopper
0.076,73,1874,El Chingon IPA
0.07,73,2254,Salamander Slam
0.078,74,1382,Crank Yanker IPA
0.078,74,395,Crank Yanker IPA (2011)
0.074,74,1777,2020 IPA
0.067,74,1402,Mind's Eye PA
0.067,74,1591,Autumnation (2013)
0.059,75,972,Rude Parrot IPA
0.071,75,2511,Long Leaf
0.07,75,1400,Big Eye India Pale Ale
0.072,75,2620,Saucy Intruder
0.072,75,569,Tocobaga Red Ale
0.06,75,1393,Cascadian Dark Ale
0.065,75,2437,Newport Storm IPA
0.068,75,970,Des Moines IPA
0.075,75,2463,Union Jack
0.072,75,2045,Might As Well IPL
0.095,75,2644,Yeti  Imperial Stout
0.066,75,2199,Hopworks IPA
0.066,75,653,Hopworks IPA (2012)
0.07,75,2038,Infamous IPA
0.065,75,1686,Irregardless IPA
0.072,75,2186,Tsunami IPA
0.072,75,2185,Tsunami IPA
0.092,75,1459,Shipwrecked Double IPA
0.068,75,2157,Booming Rollers
0.067,75,2154,Aurora 
0.07,75,1384,Elephant Rock IPA
0.072,75,1852,Truth
0.064,75,2001,Fistful Of Hops Red
0.063,75,2000,Fistful of Hops Orange
0.064,75,1999,Fistful Of Hops Blue
0.064,75,1996,Fistful of Hops Green
0.099,75,1367,Bourbon Barrel Aged Timmie
0.07,75,1199,Indian Paintbrush IPA
0.06,75,2372,The Green Room
0.09,75,1825,Squatters Hop Rising Double IPA
0.09,75,1680,Squatters Hop Rising Double IPA (2014)
0.098,76,1255,Bad Axe Imperial IPA
0.063,76,2025,Vertex IPA
0.075,77,1646,Catch 23
0.088,77,1893,Hill 88 Double IPA
0.065,77,2175,Mound Builder IPA
0.075,77,1420,Grapefruit Jungle (GFJ)
0.075,77,532,Grapefruit Jungle (GFJ) (2011)
0.076,78,1577,12th Round
0.125,80,2685,London Balling
0.07,80,1327,Hop Ottin' IPA
0.07,80,367,Hop Ottin' IPA (2011)
0.08,80,1812,Quarter Mile Double IPA
0.062,80,2596,Heavy Lifting
0.07,80,1289,Bozone HopZone IPA
0.065,80,2227,Dark Voyage Black IPA (2013)
0.078,80,1940,077XX
0.065,80,186,The Corruption
0.062,80,1504,Country Boy IPA
0.07,80,2088,Hop Stalker Fresh Hop IPA
0.082,80,1929,Second Fiddle
0.08,80,1664,Sobek & Set
0.065,80,857,Interurban IPA
0.065,80,729,Midnight Ryder
0.072,80,2671,Excess IPL
0.087,80,1884,Hop Freak
0.072,80,1621,Hop Drop 'N Roll IPA
0.07,80,1576,RoughTail IPA
0.08,80,1745,Mississippi Fire Ant
0.07,80,544,Old Elephant Foot IPA
0.069,81,2096,Arcus IPA
0.07,82,2519,Bimini Twist
0.084,82,47,Ballz Deep Double IPA
0.062,82,2316,Hoodoo Voodoo IPA
0.073,82,1089,Hop Notch IPA (2013)
0.065,82,2417,4000 Footer IPA
0.071,83,1850,American India Red Ale
0.073,83,1723,Hop Nosh IPA
0.074,83,762,Ace IPA
0.068,85,2420,Back Bay IPA
0.067,85,1067,Disconnected Red
0.099,85,1256,Forest Fire Imperial Smoked Rye
0.073,85,383,Black Adder IBA (Current)
0.072,85,1648,Lucky Day IPA
0.096,85,1888,Hoperation Overload
0.071,85,730,California Sunshine Rye IPA
0.099,85,904,Ex Umbris Rye Imperial Stout
0.095,85,666,Rodeo Clown Double IPA
0.085,85,1334,Dreamin' Double IPA
0.075,85,2667,Solis
0.075,85,2159,City of the Sun
0.088,85,320,Gandhi-Bot Double IPA (12 oz.)
0.088,85,42,Gandhi-Bot Double IPA (16 oz.) (2010)
0.087,85,806,Gordon Imperial Red (2010)
0.087,85,726,G'KNIGHT (16 oz.)
0.087,85,388,G'KNIGHT (12 oz.)
0.087,85,4,Gordon Ale (2009)
0.092,85,805,Gordon (2005)
0.087,85,1533,G'KNIGHT
0.08,85,1328,Deviant Dale's IPA
0.099,85,1861,BLAKKR
0.07,85,1071,Hop Shock IPA
0.07,85,317,Hop Shock IPA (2010)
0.099,85,1020,3Beans
0.099,85,1739,BLAKKR
0.075,85,1509,Perpetual IPA
0.073,85,1603,Good Vibes IPA
0.075,85,1488,Pilzilla
0.085,85,1418,Larry Imperial IPA
0.072,86,2158,3:33 Black IPA
0.08,86,1346,Habitus IPA
0.085,86,1265,Old Grogham Imperial India Pale Ale
0.085,86,747,Old Grogham Imperial India Pale Ale (2012)
0.072,87,2410,Harness the Winter
0.073,87,1856,IPA & a Half
0.08,88,1673,Manzanita IPA
0.089,88,2002,Giant DIPA
0.07,88,2407,Rule G IPA
0.075,89,2343,O’Malley’s IPA
0.085,90,2600,Gone A-Rye
0.064,90,2610,The Gadget
0.065,90,1353,Alphadelic IPA
0.065,90,499,Alphadelic IPA (2011)
0.068,90,1903,Let It Ride IPA
0.093,90,468,Hop Box Imperial IPA
0.084,90,894,Odyssey Imperial IPA
0.084,90,995,Winterfest
0.075,90,329,WET
0.12,90,2621,Csar
0.085,90,2507,Double Duckpin
0.099,90,1315,Upslope Imperial India Pale Ale
0.091,91,651,Isis
0.099,92,1036,Lower De Boom
0.094,92,1641,Better Weather IPA
0.071,92,1609,Initial Point India Pale Ale
0.099,93,1674,Chaotic Double IPA
0.072,93,912,Oasis
0.072,93,104,Oasis (2010)
0.075,93,2444,Nugget Nectar
0.097,94,432,Hop Crisis
0.07,94,1549,Farmer Wirtz India Pale Ale
0.061,94,793,Caldera IPA (2009)
0.061,94,792,Caldera IPA (2007)
0.061,94,36,Caldera IPA
0.064,95,1675,Madra Allta
0.071,95,967,Black IPA
0.08,95,1229,Dodgy Knight Imperial IPA
0.074,97,318,Vortex IPA
0.099,98,8,Ten Fidy Imperial Stout
0.095,98,804,Ten Fidy Imperial Stout (2008)
0.099,98,803,Ten Fidy Imperial Stout (2007)
0.099,98,1532,Ten Fidy
0.095,99,1647,Terrace Hill Double IPA
0.09,99,672,Hop A Potamus Double Dark Rye Pale Ale
0.091,99,2063,Count Hopula (Vault Series)
0.062,99,12,Furious
0.068,100,1442,F5 IPA
0.068,100,2315,Hopportunity Knocks IPA
0.099,100,2094,Epitome
0.085,100,2166,Dream Crusher Double IPA
0.066,100,881,Hop Abomination
0.072,100,664,Elevated IPA
0.08,100,2668,Habitus (2014)
0.08,100,2664,Habitus
0.099,100,6,GUBNA Imperial IPA
0.07,100,1176,Redacted Rye IPA
0.099,100,1006,Elevation Triple India Pale Ale
0.07,100,636,Ryeteous Rye IPA (2012)
0.05,100,2579,Jah Mon
0.063,100,1596,Dagger Falls IPA
0.063,100,1595,Dagger Falls IPA
0.099,100,1160,Old Devil's Tooth
0.063,100,879,Dagger Falls IPA
0.092,100,1497,Valkyrie Double IPA
0.099,100,853,PRO-AM (2012) (2012)
0.083,100,2415,Unchained #18 Hop Silo
0.082,100,1619,Hop Slayer Double IPA
0.082,100,740,Hop Slayer Double IPA (2011)
0.082,100,430,Hop Slayer Double IPA (2011)
0.099,101,1561,Double Trunk
0.082,103,2401,Yellow Wolf Imperial IPA
0.093,103,312,Snake Handler Double IPA
0.091,103,628,Resin
0.095,104,1762,Hemlock Double IPA
0.06,104,1610,Half Cycle IPA
0.07,105,918,Frankenlou's IPA
0.088,108,1806,Hoptopus Double IPA
0.085,110,1728,Red Cockaded Ale
0.085,110,1011,Red Cockaded Ale (2013)
0.068,110,1017,Ethos IPA
0.099,111,1696,Hi-Res
0.07,113,24,113 IPA
0.075,115,2503,Hop A-Peel
0.099,115,2471,Hopkick Dropkick
0.092,115,851,On the Wings of Armageddon
0.065,115,1492,Blazing World
0.085,115,1449,Overlord Imperial IPA
0.09,118,2123,More Cowbell
0.097,120,15,Abrasive Ale
0.08,120,1111,Heady Topper
0.08,120,379,Heady Topper
0.089,126,2440,Bay of Bengal Double IPA (2014)
0.09,130,2067,Dead-Eye DIPA
0.059,135,1676,Troopers Alley IPA
0.082,138,980,Bitter Bitch Imperial IPA